season,round,session,date,time
2006,1,fp1,2006-03-10,
2006,1,fp2,2006-03-10,
2006,1,fp3,2006-03-11,
2006,1,qualifying,2006-03-11,
2006,2,fp1,2006-03-17,
2006,2,fp2,2006-03-17,
2006,2,fp3,2006-03-18,
2006,2,qualifying,2006-03-18,
2006,3,fp1,2006-03-31,
2006,3,fp2,2006-03-31,
2006,3,fp3,2006-04-01,
2006,3,qualifying,2006-04-01,
2006,4,fp1,2006-04-21,
2006,4,fp2,2006-04-21,
2006,4,fp3,2006-04-22,
2006,4,qualifying,2006-04-22,
2006,5,fp1,2006-05-05,
2006,5,fp2,2006-05-05,
2006,5,fp3,2006-05-06,
2006,5,qualifying,2006-05-06,
2006,6,fp1,2006-05-12,
2006,6,fp2,2006-05-12,
2006,6,fp3,2006-05-13,
2006,6,qualifying,2006-05-13,
2006,7,fp1,2006-05-25,
2006,7,fp2,2006-05-25,
2006,7,fp3,2006-05-27,
2006,7,qualifying,2006-05-27,
2006,8,fp1,2006-06-09,
2006,8,fp2,2006-06-09,
2006,8,fp3,2006-06-10,
2006,8,qualifying,2006-06-10,
2006,9,fp1,2006-06-23,
2006,9,fp2,2006-06-23,
2006,9,fp3,2006-06-24,
2006,9,qualifying,2006-06-24,
2006,10,fp1,2006-06-30,
2006,10,fp2,2006-06-30,
2006,10,fp3,2006-07-01,
2006,10,qualifying,2006-07-01,
2006,11,fp1,2006-07-14,
2006,11,fp2,2006-07-14,
2006,11,fp3,2006-07-15,
2006,11,qualifying,2006-07-15,
2006,12,fp1,2006-07-28,
2006,12,fp2,2006-07-28,
2006,12,fp3,2006-07-29,
2006,12,qualifying,2006-07-29,
2006,13,fp1,2006-08-04,
2006,13,fp2,2006-08-04,
2006,13,fp3,2006-08-05,
2006,13,qualifying,2006-08-05,
2006,14,fp1,2006-08-25,
2006,14,fp2,2006-08-25,
2006,14,fp3,2006-08-26,
2006,14,qualifying,2006-08-26,
2006,15,fp1,2006-09-08,
2006,15,fp2,2006-09-08,
2006,15,fp3,2006-09-09,
2006,15,qualifying,2006-09-09,
2006,16,fp1,2006-09-29,
2006,16,fp2,2006-09-29,
2006,16,fp3,2006-09-30,
2006,16,qualifying,2006-09-30,
2006,17,fp1,2006-10-06,
2006,17,fp2,2006-10-06,
2006,17,fp3,2006-10-07,
2006,17,qualifying,2006-10-07,
2006,18,fp1,2006-10-20,
2006,18,fp2,2006-10-20,
2006,18,fp3,2006-10-21,
2006,18,qualifying,2006-10-21,
2007,1,fp1,2007-03-16,
2007,1,fp2,2007-03-16,
2007,1,fp3,2007-03-17,
2007,1,qualifying,2007-03-17,
2007,2,fp1,2007-04-06,
2007,2,fp2,2007-04-06,
2007,2,fp3,2007-04-07,
2007,2,qualifying,2007-04-07,
2007,3,fp1,2007-04-13,
2007,3,fp2,2007-04-13,
2007,3,fp3,2007-04-14,
2007,3,qualifying,2007-04-14,
2007,4,fp1,2007-05-11,
2007,4,fp2,2007-05-11,
2007,4,fp3,2007-05-12,
2007,4,qualifying,2007-05-12,
2007,5,fp1,2007-05-24,
2007,5,fp2,2007-05-24,
2007,5,fp3,2007-05-26,
2007,5,qualifying,2007-05-26,
2007,6,fp1,2007-06-08,
2007,6,fp2,2007-06-08,
2007,6,fp3,2007-06-09,
2007,6,qualifying,2007-06-09,
2007,7,fp1,2007-06-15,
2007,7,fp2,2007-06-15,
2007,7,fp3,2007-06-16,
2007,7,qualifying,2007-06-16,
2007,8,fp1,2007-06-29,
2007,8,fp2,2007-06-29,
2007,8,fp3,2007-06-30,
2007,8,qualifying,2007-06-30,
2007,9,fp1,2007-07-06,
2007,9,fp2,2007-07-06,
2007,9,fp3,2007-07-07,
2007,9,qualifying,2007-07-07,
2007,10,fp1,2007-07-20,
2007,10,fp2,2007-07-20,
2007,10,fp3,2007-07-21,
2007,10,qualifying,2007-07-21,
2007,11,fp1,2007-08-03,
2007,11,fp2,2007-08-03,
2007,11,fp3,2007-08-04,
2007,11,qualifying,2007-08-04,
2007,12,fp1,2007-08-24,
2007,12,fp2,2007-08-24,
2007,12,fp3,2007-08-25,
2007,12,qualifying,2007-08-25,
2007,13,fp1,2007-09-07,
2007,13,fp2,2007-09-07,
2007,13,fp3,2007-09-08,
2007,13,qualifying,2007-09-08,
2007,14,fp1,2007-09-14,
2007,14,fp2,2007-09-14,
2007,14,fp3,2007-09-15,
2007,14,qualifying,2007-09-15,
2007,15,fp1,2007-09-28,
2007,15,fp2,2007-09-28,
2007,15,fp3,2007-09-29,
2007,15,qualifying,2007-09-29,
2007,16,fp1,2007-10-05,
2007,16,fp2,2007-10-05,
2007,16,fp3,2007-10-06,
2007,16,qualifying,2007-10-06,
2007,17,fp1,2007-10-19,
2007,17,fp2,2007-10-19,
2007,17,fp3,2007-10-20,
2007,17,qualifying,2007-10-20,
2008,1,fp1,2008-03-14,
2008,1,fp2,2008-03-14,
2008,1,fp3,2008-03-15,
2008,1,qualifying,2008-03-15,
2008,2,fp1,2008-03-21,
2008,2,fp2,2008-03-21,
2008,2,fp3,2008-03-22,
2008,2,qualifying,2008-03-22,
2008,3,fp1,2008-04-04,
2008,3,fp2,2008-04-04,
2008,3,fp3,2008-04-05,
2008,3,qualifying,2008-04-05,
2008,4,fp1,2008-04-25,
2008,4,fp2,2008-04-25,
2008,4,fp3,2008-04-26,
2008,4,qualifying,2008-04-26,
2008,5,fp1,2008-05-09,
2008,5,fp2,2008-05-09,
2008,5,fp3,2008-05-10,
2008,5,qualifying,2008-05-10,
2008,6,fp1,2008-05-22,
2008,6,fp2,2008-05-22,
2008,6,fp3,2008-05-24,
2008,6,qualifying,2008-05-24,
2008,7,fp1,2008-06-06,
2008,7,fp2,2008-06-06,
2008,7,fp3,2008-06-07,
2008,7,qualifying,2008-06-07,
2008,8,fp1,2008-06-20,
2008,8,fp2,2008-06-20,
2008,8,fp3,2008-06-21,
2008,8,qualifying,2008-06-21,
2008,9,fp1,2008-07-04,
2008,9,fp2,2008-07-04,
2008,9,fp3,2008-07-05,
2008,9,qualifying,2008-07-05,
2008,10,fp1,2008-07-18,
2008,10,fp2,2008-07-18,
2008,10,fp3,2008-07-19,
2008,10,qualifying,2008-07-19,
2008,11,fp1,2008-08-01,
2008,11,fp2,2008-08-01,
2008,11,fp3,2008-08-02,
2008,11,qualifying,2008-08-02,
2008,12,fp1,2008-08-22,
2008,12,fp2,2008-08-22,
2008,12,fp3,2008-08-23,
2008,12,qualifying,2008-08-23,
2008,13,fp1,2008-09-05,
2008,13,fp2,2008-09-05,
2008,13,fp3,2008-09-06,
2008,13,qualifying,2008-09-06,
2008,14,fp1,2008-09-12,
2008,14,fp2,2008-09-12,
2008,14,fp3,2008-09-13,
2008,14,qualifying,2008-09-13,
2008,15,fp1,2008-09-26,
2008,15,fp2,2008-09-26,
2008,15,fp3,2008-09-27,
2008,15,qualifying,2008-09-27,
2008,16,fp1,2008-10-10,
2008,16,fp2,2008-10-10,
2008,16,fp3,2008-10-11,
2008,16,qualifying,2008-10-11,
2008,17,fp1,2008-10-17,
2008,17,fp2,2008-10-17,
2008,17,fp3,2008-10-18,
2008,17,qualifying,2008-10-18,
2008,18,fp1,2008-10-31,
2008,18,fp2,2008-10-31,
2008,18,fp3,2008-11-01,
2008,18,qualifying,2008-11-01,
2009,1,fp1,2009-03-27,
2009,1,fp2,2009-03-27,
2009,1,fp3,2009-03-28,
2009,1,qualifying,2009-03-28,
2009,2,fp1,2009-04-03,
2009,2,fp2,2009-04-03,
2009,2,fp3,2009-04-04,
2009,2,qualifying,2009-04-04,
2009,3,fp1,2009-04-17,
2009,3,fp2,2009-04-17,
2009,3,fp3,2009-04-18,
2009,3,qualifying,2009-04-18,
2009,4,fp1,2009-04-24,
2009,4,fp2,2009-04-24,
2009,4,fp3,2009-04-25,
2009,4,qualifying,2009-04-25,
2009,5,fp1,2009-05-08,
2009,5,fp2,2009-05-08,
2009,5,fp3,2009-05-09,
2009,5,qualifying,2009-05-09,
2009,6,fp1,2009-05-21,
2009,6,fp2,2009-05-21,
2009,6,fp3,2009-05-23,
2009,6,qualifying,2009-05-23,
2009,7,fp1,2009-06-05,
2009,7,fp2,2009-06-05,
2009,7,fp3,2009-06-06,
2009,7,qualifying,2009-06-06,
2009,8,fp1,2009-06-19,
2009,8,fp2,2009-06-19,
2009,8,fp3,2009-06-20,
2009,8,qualifying,2009-06-20,
2009,9,fp1,2009-07-10,
2009,9,fp2,2009-07-10,
2009,9,fp3,2009-07-11,
2009,9,qualifying,2009-07-11,
2009,10,fp1,2009-07-24,
2009,10,fp2,2009-07-24,
2009,10,fp3,2009-07-25,
2009,10,qualifying,2009-07-25,
2009,11,fp1,2009-08-21,
2009,11,fp2,2009-08-21,
2009,11,fp3,2009-08-22,
2009,11,qualifying,2009-08-22,
2009,12,fp1,2009-08-28,
2009,12,fp2,2009-08-28,
2009,12,fp3,2009-08-29,
2009,12,qualifying,2009-08-29,
2009,13,fp1,2009-09-11,
2009,13,fp2,2009-09-11,
2009,13,fp3,2009-09-12,
2009,13,qualifying,2009-09-12,
2009,14,fp1,2009-09-25,
2009,14,fp2,2009-09-25,
2009,14,fp3,2009-09-26,
2009,14,qualifying,2009-09-26,
2009,15,fp1,2009-10-02,
2009,15,fp2,2009-10-02,
2009,15,fp3,2009-10-03,
2009,15,qualifying,2009-10-03,
2009,16,fp1,2009-10-16,
2009,16,fp2,2009-10-16,
2009,16,fp3,2009-10-17,
2009,16,qualifying,2009-10-17,
2009,17,fp1,2009-10-30,
2009,17,fp2,2009-10-30,
2009,17,fp3,2009-10-31,
2009,17,qualifying,2009-10-31,
2010,1,fp1,2010-03-12,
2010,1,fp2,2010-03-12,
2010,1,fp3,2010-03-13,
2010,1,qualifying,2010-03-13,
2010,2,fp1,2010-03-26,
2010,2,fp2,2010-03-26,
2010,2,fp3,2010-03-27,
2010,2,qualifying,2010-03-27,
2010,3,fp1,2010-04-02,
2010,3,fp2,2010-04-02,
2010,3,fp3,2010-04-03,
2010,3,qualifying,2010-04-03,
2010,4,fp1,2010-04-16,
2010,4,fp2,2010-04-16,
2010,4,fp3,2010-04-17,
2010,4,qualifying,2010-04-17,
2010,5,fp1,2010-05-07,
2010,5,fp2,2010-05-07,
2010,5,fp3,2010-05-08,
2010,5,qualifying,2010-05-08,
2010,6,fp1,2010-05-13,
2010,6,fp2,2010-05-13,
2010,6,fp3,2010-05-15,
2010,6,qualifying,2010-05-15,
2010,7,fp1,2010-05-28,
2010,7,fp2,2010-05-28,
2010,7,fp3,2010-05-29,
2010,7,qualifying,2010-05-29,
2010,8,fp1,2010-06-11,
2010,8,fp2,2010-06-11,
2010,8,fp3,2010-06-12,
2010,8,qualifying,2010-06-12,
2010,9,fp1,2010-06-25,
2010,9,fp2,2010-06-25,
2010,9,fp3,2010-06-26,
2010,9,qualifying,2010-06-26,
2010,10,fp1,2010-07-09,
2010,10,fp2,2010-07-09,
2010,10,fp3,2010-07-10,
2010,10,qualifying,2010-07-10,
2010,11,fp1,2010-07-23,
2010,11,fp2,2010-07-23,
2010,11,fp3,2010-07-24,
2010,11,qualifying,2010-07-24,
2010,12,fp1,2010-07-30,
2010,12,fp2,2010-07-30,
2010,12,fp3,2010-07-31,
2010,12,qualifying,2010-07-31,
2010,13,fp1,2010-08-27,
2010,13,fp2,2010-08-27,
2010,13,fp3,2010-08-28,
2010,13,qualifying,2010-08-28,
2010,14,fp1,2010-09-10,
2010,14,fp2,2010-09-10,
2010,14,fp3,2010-09-11,
2010,14,qualifying,2010-09-11,
2010,15,fp1,2010-09-24,
2010,15,fp2,2010-09-24,
2010,15,fp3,2010-09-25,
2010,15,qualifying,2010-09-25,
2010,16,fp1,2010-10-08,
2010,16,fp2,2010-10-08,
2010,16,fp3,2010-10-09,
2010,16,qualifying,2010-10-09,
2010,17,fp1,2010-10-22,
2010,17,fp2,2010-10-22,
2010,17,fp3,2010-10-23,
2010,17,qualifying,2010-10-23,
2010,18,fp1,2010-11-05,
2010,18,fp2,2010-11-05,
2010,18,fp3,2010-11-06,
2010,18,qualifying,2010-11-06,
2010,19,fp1,2010-11-12,
2010,19,fp2,2010-11-12,
2010,19,fp3,2010-11-13,
2010,19,qualifying,2010-11-13,
2011,1,fp1,2011-03-25,
2011,1,fp2,2011-03-25,
2011,1,fp3,2011-03-26,
2011,1,qualifying,2011-03-26,
2011,2,fp1,2011-04-08,
2011,2,fp2,2011-04-08,
2011,2,fp3,2011-04-09,
2011,2,qualifying,2011-04-09,
2011,3,fp1,2011-04-15,
2011,3,fp2,2011-04-15,
2011,3,fp3,2011-04-16,
2011,3,qualifying,2011-04-16,
2011,4,fp1,2011-05-06,
2011,4,fp2,2011-05-06,
2011,4,fp3,2011-05-07,
2011,4,qualifying,2011-05-07,
2011,5,fp1,2011-05-20,
2011,5,fp2,2011-05-20,
2011,5,fp3,2011-05-21,
2011,5,qualifying,2011-05-21,
2011,6,fp1,2011-05-26,
2011,6,fp2,2011-05-26,
2011,6,fp3,2011-05-28,
2011,6,qualifying,2011-05-28,
2011,7,fp1,2011-06-10,
2011,7,fp2,2011-06-10,
2011,7,fp3,2011-06-11,
2011,7,qualifying,2011-06-11,
2011,8,fp1,2011-06-24,
2011,8,fp2,2011-06-24,
2011,8,fp3,2011-06-25,
2011,8,qualifying,2011-06-25,
2011,9,fp1,2011-07-08,
2011,9,fp2,2011-07-08,
2011,9,fp3,2011-07-09,
2011,9,qualifying,2011-07-09,
2011,10,fp1,2011-07-22,
2011,10,fp2,2011-07-22,
2011,10,fp3,2011-07-23,
2011,10,qualifying,2011-07-23,
2011,11,fp1,2011-07-29,
2011,11,fp2,2011-07-29,
2011,11,fp3,2011-07-30,
2011,11,qualifying,2011-07-30,
2011,12,fp1,2011-08-26,
2011,12,fp2,2011-08-26,
2011,12,fp3,2011-08-27,
2011,12,qualifying,2011-08-27,
2011,13,fp1,2011-09-09,
2011,13,fp2,2011-09-09,
2011,13,fp3,2011-09-10,
2011,13,qualifying,2011-09-10,
2011,14,fp1,2011-09-23,
2011,14,fp2,2011-09-23,
2011,14,fp3,2011-09-24,
2011,14,qualifying,2011-09-24,
2011,15,fp1,2011-10-07,
2011,15,fp2,2011-10-07,
2011,15,fp3,2011-10-08,
2011,15,qualifying,2011-10-08,
2011,16,fp1,2011-10-14,
2011,16,fp2,2011-10-14,
2011,16,fp3,2011-10-15,
2011,16,qualifying,2011-10-15,
2011,17,fp1,2011-10-28,
2011,17,fp2,2011-10-28,
2011,17,fp3,2011-10-29,
2011,17,qualifying,2011-10-29,
2011,18,fp1,2011-11-11,
2011,18,fp2,2011-11-11,
2011,18,fp3,2011-11-12,
2011,18,qualifying,2011-11-12,
2011,19,fp1,2011-11-25,
2011,19,fp2,2011-11-25,
2011,19,fp3,2011-11-26,
2011,19,qualifying,2011-11-26,
2012,1,fp1,2012-03-16,
2012,1,fp2,2012-03-16,
2012,1,fp3,2012-03-17,
2012,1,qualifying,2012-03-17,
2012,2,fp1,2012-03-23,
2012,2,fp2,2012-03-23,
2012,2,fp3,2012-03-24,
2012,2,qualifying,2012-03-24,
2012,3,fp1,2012-04-13,
2012,3,fp2,2012-04-13,
2012,3,fp3,2012-04-14,
2012,3,qualifying,2012-04-14,
2012,4,fp1,2012-04-20,
2012,4,fp2,2012-04-20,
2012,4,fp3,2012-04-21,
2012,4,qualifying,2012-04-21,
2012,5,fp1,2012-05-11,
2012,5,fp2,2012-05-11,
2012,5,fp3,2012-05-12,
2012,5,qualifying,2012-05-12,
2012,6,fp1,2012-05-24,
2012,6,fp2,2012-05-24,
2012,6,fp3,2012-05-26,
2012,6,qualifying,2012-05-26,
2012,7,fp1,2012-06-08,
2012,7,fp2,2012-06-08,
2012,7,fp3,2012-06-09,
2012,7,qualifying,2012-06-09,
2012,8,fp1,2012-06-22,
2012,8,fp2,2012-06-22,
2012,8,fp3,2012-06-23,
2012,8,qualifying,2012-06-23,
2012,9,fp1,2012-07-06,
2012,9,fp2,2012-07-06,
2012,9,fp3,2012-07-07,
2012,9,qualifying,2012-07-07,
2012,10,fp1,2012-07-20,
2012,10,fp2,2012-07-20,
2012,10,fp3,2012-07-21,
2012,10,qualifying,2012-07-21,
2012,11,fp1,2012-07-27,
2012,11,fp2,2012-07-27,
2012,11,fp3,2012-07-28,
2012,11,qualifying,2012-07-28,
2012,12,fp1,2012-08-31,
2012,12,fp2,2012-08-31,
2012,12,fp3,2012-09-01,
2012,12,qualifying,2012-09-01,
2012,13,fp1,2012-09-07,
2012,13,fp2,2012-09-07,
2012,13,fp3,2012-09-08,
2012,13,qualifying,2012-09-08,
2012,14,fp1,2012-09-21,
2012,14,fp2,2012-09-21,
2012,14,fp3,2012-09-22,
2012,14,qualifying,2012-09-22,
2012,15,fp1,2012-10-05,
2012,15,fp2,2012-10-05,
2012,15,fp3,2012-10-06,
2012,15,qualifying,2012-10-06,
2012,16,fp1,2012-10-12,
2012,16,fp2,2012-10-12,
2012,16,fp3,2012-10-13,
2012,16,qualifying,2012-10-13,
2012,17,fp1,2012-10-26,
2012,17,fp2,2012-10-26,
2012,17,fp3,2012-10-27,
2012,17,qualifying,2012-10-27,
2012,18,fp1,2012-11-02,
2012,18,fp2,2012-11-02,
2012,18,fp3,2012-11-03,
2012,18,qualifying,2012-11-03,
2012,19,fp1,2012-11-16,
2012,19,fp2,2012-11-16,
2012,19,fp3,2012-11-17,
2012,19,qualifying,2012-11-17,
2012,20,fp1,2012-11-23,
2012,20,fp2,2012-11-23,
2012,20,fp3,2012-11-24,
2012,20,qualifying,2012-11-24,
2013,1,fp1,2013-03-15,
2013,1,fp2,2013-03-15,
2013,1,fp3,2013-03-16,
2013,1,qualifying,2013-03-16,
2013,2,fp1,2013-03-22,
2013,2,fp2,2013-03-22,
2013,2,fp3,2013-03-23,
2013,2,qualifying,2013-03-23,
2013,3,fp1,2013-04-12,
2013,3,fp2,2013-04-12,
2013,3,fp3,2013-04-13,
2013,3,qualifying,2013-04-13,
2013,4,fp1,2013-04-19,
2013,4,fp2,2013-04-19,
2013,4,fp3,2013-04-20,
2013,4,qualifying,2013-04-20,
2013,5,fp1,2013-05-10,
2013,5,fp2,2013-05-10,
2013,5,fp3,2013-05-11,
2013,5,qualifying,2013-05-11,
2013,6,fp1,2013-05-23,
2013,6,fp2,2013-05-23,
2013,6,fp3,2013-05-25,
2013,6,qualifying,2013-05-25,
2013,7,fp1,2013-06-07,
2013,7,fp2,2013-06-07,
2013,7,fp3,2013-06-08,
2013,7,qualifying,2013-06-08,
2013,8,fp1,2013-06-28,
2013,8,fp2,2013-06-28,
2013,8,fp3,2013-06-29,
2013,8,qualifying,2013-06-29,
2013,9,fp1,2013-07-05,
2013,9,fp2,2013-07-05,
2013,9,fp3,2013-07-06,
2013,9,qualifying,2013-07-06,
2013,10,fp1,2013-07-26,
2013,10,fp2,2013-07-26,
2013,10,fp3,2013-07-27,
2013,10,qualifying,2013-07-27,
2013,11,fp1,2013-08-23,
2013,11,fp2,2013-08-23,
2013,11,fp3,2013-08-24,
2013,11,qualifying,2013-08-24,
2013,12,fp1,2013-09-06,
2013,12,fp2,2013-09-06,
2013,12,fp3,2013-09-07,
2013,12,qualifying,2013-09-07,
2013,13,fp1,2013-09-20,
2013,13,fp2,2013-09-20,
2013,13,fp3,2013-09-21,
2013,13,qualifying,2013-09-21,
2013,14,fp1,2013-10-04,
2013,14,fp2,2013-10-04,
2013,14,fp3,2013-10-05,
2013,14,qualifying,2013-10-05,
2013,15,fp1,2013-10-11,
2013,15,fp2,2013-10-11,
2013,15,fp3,2013-10-12,
2013,15,qualifying,2013-10-12,
2013,16,fp1,2013-10-25,
2013,16,fp2,2013-10-25,
2013,16,fp3,2013-10-26,
2013,16,qualifying,2013-10-26,
2013,17,fp1,2013-11-01,
2013,17,fp2,2013-11-01,
2013,17,fp3,2013-11-02,
2013,17,qualifying,2013-11-02,
2013,18,fp1,2013-11-15,
2013,18,fp2,2013-11-15,
2013,18,fp3,2013-11-16,
2013,18,qualifying,2013-11-16,
2013,19,fp1,2013-11-22,
2013,19,fp2,2013-11-22,
2013,19,fp3,2013-11-23,
2013,19,qualifying,2013-11-23,
2014,1,fp1,2014-03-14,
2014,1,fp2,2014-03-14,
2014,1,fp3,2014-03-15,
2014,1,qualifying,2014-03-15,
2014,2,fp1,2014-03-28,
2014,2,fp2,2014-03-28,
2014,2,fp3,2014-03-29,
2014,2,qualifying,2014-03-29,
2014,3,fp1,2014-04-04,
2014,3,fp2,2014-04-04,
2014,3,fp3,2014-04-05,
2014,3,qualifying,2014-04-05,
2014,4,fp1,2014-04-18,
2014,4,fp2,2014-04-18,
2014,4,fp3,2014-04-19,
2014,4,qualifying,2014-04-19,
2014,5,fp1,2014-05-09,
2014,5,fp2,2014-05-09,
2014,5,fp3,2014-05-10,
2014,5,qualifying,2014-05-10,
2014,6,fp1,2014-05-22,
2014,6,fp2,2014-05-22,
2014,6,fp3,2014-05-24,
2014,6,qualifying,2014-05-24,
2014,7,fp1,2014-06-06,
2014,7,fp2,2014-06-06,
2014,7,fp3,2014-06-07,
2014,7,qualifying,2014-06-07,
2014,8,fp1,2014-06-20,
2014,8,fp2,2014-06-20,
2014,8,fp3,2014-06-21,
2014,8,qualifying,2014-06-21,
2014,9,fp1,2014-07-04,
2014,9,fp2,2014-07-04,
2014,9,fp3,2014-07-05,
2014,9,qualifying,2014-07-05,
2014,10,fp1,2014-07-18,
2014,10,fp2,2014-07-18,
2014,10,fp3,2014-07-19,
2014,10,qualifying,2014-07-19,
2014,11,fp1,2014-07-25,
2014,11,fp2,2014-07-25,
2014,11,fp3,2014-07-26,
2014,11,qualifying,2014-07-26,
2014,12,fp1,2014-08-22,
2014,12,fp2,2014-08-22,
2014,12,fp3,2014-08-23,
2014,12,qualifying,2014-08-23,
2014,13,fp1,2014-09-05,
2014,13,fp2,2014-09-05,
2014,13,fp3,2014-09-06,
2014,13,qualifying,2014-09-06,
2014,14,fp1,2014-09-19,
2014,14,fp2,2014-09-19,
2014,14,fp3,2014-09-20,
2014,14,qualifying,2014-09-20,
2014,15,fp1,2014-10-03,
2014,15,fp2,2014-10-03,
2014,15,fp3,2014-10-04,
2014,15,qualifying,2014-10-04,
2014,16,fp1,2014-10-10,
2014,16,fp2,2014-10-10,
2014,16,fp3,2014-10-11,
2014,16,qualifying,2014-10-11,
2014,17,fp1,2014-10-31,
2014,17,fp2,2014-10-31,
2014,17,fp3,2014-11-01,
2014,17,qualifying,2014-11-01,
2014,18,fp1,2014-11-07,
2014,18,fp2,2014-11-07,
2014,18,fp3,2014-11-08,
2014,18,qualifying,2014-11-08,
2014,19,fp1,2014-11-21,
2014,19,fp2,2014-11-21,
2014,19,fp3,2014-11-22,
2014,19,qualifying,2014-11-22,
2015,1,fp1,2015-03-13,
2015,1,fp2,2015-03-13,
2015,1,fp3,2015-03-14,
2015,1,qualifying,2015-03-14,
2015,2,fp1,2015-03-27,
2015,2,fp2,2015-03-27,
2015,2,fp3,2015-03-28,
2015,2,qualifying,2015-03-28,
2015,3,fp1,2015-04-10,
2015,3,fp2,2015-04-10,
2015,3,fp3,2015-04-11,
2015,3,qualifying,2015-04-11,
2015,4,fp1,2015-04-17,
2015,4,fp2,2015-04-17,
2015,4,fp3,2015-04-18,
2015,4,qualifying,2015-04-18,
2015,5,fp1,2015-05-08,
2015,5,fp2,2015-05-08,
2015,5,fp3,2015-05-09,
2015,5,qualifying,2015-05-09,
2015,6,fp1,2015-05-21,
2015,6,fp2,2015-05-21,
2015,6,fp3,2015-05-23,
2015,6,qualifying,2015-05-23,
2015,7,fp1,2015-06-05,
2015,7,fp2,2015-06-05,
2015,7,fp3,2015-06-06,
2015,7,qualifying,2015-06-06,
2015,8,fp1,2015-06-19,
2015,8,fp2,2015-06-19,
2015,8,fp3,2015-06-20,
2015,8,qualifying,2015-06-20,
2015,9,fp1,2015-07-03,
2015,9,fp2,2015-07-03,
2015,9,fp3,2015-07-04,
2015,9,qualifying,2015-07-04,
2015,10,fp1,2015-07-24,
2015,10,fp2,2015-07-24,
2015,10,fp3,2015-07-25,
2015,10,qualifying,2015-07-25,
2015,11,fp1,2015-08-21,
2015,11,fp2,2015-08-21,
2015,11,fp3,2015-08-22,
2015,11,qualifying,2015-08-22,
2015,12,fp1,2015-09-04,
2015,12,fp2,2015-09-04,
2015,12,fp3,2015-09-05,
2015,12,qualifying,2015-09-05,
2015,13,fp1,2015-09-18,
2015,13,fp2,2015-09-18,
2015,13,fp3,2015-09-19,
2015,13,qualifying,2015-09-19,
2015,14,fp1,2015-09-25,
2015,14,fp2,2015-09-25,
2015,14,fp3,2015-09-26,
2015,14,qualifying,2015-09-26,
2015,15,fp1,2015-10-09,
2015,15,fp2,2015-10-09,
2015,15,fp3,2015-10-10,
2015,15,qualifying,2015-10-10,
2015,16,fp1,2015-10-23,
2015,16,fp2,2015-10-23,
2015,16,fp3,2015-10-24,
2015,16,qualifying,2015-10-24,
2015,17,fp1,2015-10-30,
2015,17,fp2,2015-10-30,
2015,17,fp3,2015-10-31,
2015,17,qualifying,2015-10-31,
2015,18,fp1,2015-11-13,
2015,18,fp2,2015-11-13,
2015,18,fp3,2015-11-14,
2015,18,qualifying,2015-11-14,
2015,19,fp1,2015-11-27,
2015,19,fp2,2015-11-27,
2015,19,fp3,2015-11-28,
2015,19,qualifying,2015-11-28,
2016,1,fp1,2016-03-18,
2016,1,fp2,2016-03-18,
2016,1,fp3,2016-03-19,
2016,1,qualifying,2016-03-19,
2016,2,fp1,2016-04-01,
2016,2,fp2,2016-04-01,
2016,2,fp3,2016-04-02,
2016,2,qualifying,2016-04-02,
2016,3,fp1,2016-04-15,
2016,3,fp2,2016-04-15,
2016,3,fp3,2016-04-16,
2016,3,qualifying,2016-04-16,
2016,4,fp1,2016-04-29,
2016,4,fp2,2016-04-29,
2016,4,fp3,2016-04-30,
2016,4,qualifying,2016-04-30,
2016,5,fp1,2016-05-13,
2016,5,fp2,2016-05-13,
2016,5,fp3,2016-05-14,
2016,5,qualifying,2016-05-14,
2016,6,fp1,2016-05-26,
2016,6,fp2,2016-05-26,
2016,6,fp3,2016-05-28,
2016,6,qualifying,2016-05-28,
2016,7,fp1,2016-06-10,
2016,7,fp2,2016-06-10,
2016,7,fp3,2016-06-11,
2016,7,qualifying,2016-06-11,
2016,8,fp1,2016-06-17,
2016,8,fp2,2016-06-17,
2016,8,fp3,2016-06-18,
2016,8,qualifying,2016-06-18,
2016,9,fp1,2016-07-01,
2016,9,fp2,2016-07-01,
2016,9,fp3,2016-07-02,
2016,9,qualifying,2016-07-02,
2016,10,fp1,2016-07-08,
2016,10,fp2,2016-07-08,
2016,10,fp3,2016-07-09,
2016,10,qualifying,2016-07-09,
2016,11,fp1,2016-07-22,
2016,11,fp2,2016-07-22,
2016,11,fp3,2016-07-23,
2016,11,qualifying,2016-07-23,
2016,12,fp1,2016-07-29,
2016,12,fp2,2016-07-29,
2016,12,fp3,2016-07-30,
2016,12,qualifying,2016-07-30,
2016,13,fp1,2016-08-26,
2016,13,fp2,2016-08-26,
2016,13,fp3,2016-08-27,
2016,13,qualifying,2016-08-27,
2016,14,fp1,2016-09-02,
2016,14,fp2,2016-09-02,
2016,14,fp3,2016-09-03,
2016,14,qualifying,2016-09-03,
2016,15,fp1,2016-09-16,
2016,15,fp2,2016-09-16,
2016,15,fp3,2016-09-17,
2016,15,qualifying,2016-09-17,
2016,16,fp1,2016-09-30,
2016,16,fp2,2016-09-30,
2016,16,fp3,2016-10-01,
2016,16,qualifying,2016-10-01,
2016,17,fp1,2016-10-07,
2016,17,fp2,2016-10-07,
2016,17,fp3,2016-10-08,
2016,17,qualifying,2016-10-08,
2016,18,fp1,2016-10-21,
2016,18,fp2,2016-10-21,
2016,18,fp3,2016-10-22,
2016,18,qualifying,2016-10-22,
2016,19,fp1,2016-10-28,
2016,19,fp2,2016-10-28,
2016,19,fp3,2016-10-29,
2016,19,qualifying,2016-10-29,
2016,20,fp1,2016-11-11,
2016,20,fp2,2016-11-11,
2016,20,fp3,2016-11-12,
2016,20,qualifying,2016-11-12,
2016,21,fp1,2016-11-25,
2016,21,fp2,2016-11-25,
2016,21,fp3,2016-11-26,
2016,21,qualifying,2016-11-26,
2017,1,fp1,2017-03-24,
2017,1,fp2,2017-03-24,
2017,1,fp3,2017-03-25,
2017,1,qualifying,2017-03-25,
2017,2,fp1,2017-04-07,
2017,2,fp2,2017-04-07,
2017,2,fp3,2017-04-08,
2017,2,qualifying,2017-04-08,
2017,3,fp1,2017-04-14,
2017,3,fp2,2017-04-14,
2017,3,fp3,2017-04-15,
2017,3,qualifying,2017-04-15,
2017,4,fp1,2017-04-28,
2017,4,fp2,2017-04-28,
2017,4,fp3,2017-04-29,
2017,4,qualifying,2017-04-29,
2017,5,fp1,2017-05-12,
2017,5,fp2,2017-05-12,
2017,5,fp3,2017-05-13,
2017,5,qualifying,2017-05-13,
2017,6,fp1,2017-05-25,
2017,6,fp2,2017-05-25,
2017,6,fp3,2017-05-27,
2017,6,qualifying,2017-05-27,
2017,7,fp1,2017-06-09,
2017,7,fp2,2017-06-09,
2017,7,fp3,2017-06-10,
2017,7,qualifying,2017-06-10,
2017,8,fp1,2017-06-23,
2017,8,fp2,2017-06-23,
2017,8,fp3,2017-06-24,
2017,8,qualifying,2017-06-24,
2017,9,fp1,2017-07-07,
2017,9,fp2,2017-07-07,
2017,9,fp3,2017-07-08,
2017,9,qualifying,2017-07-08,
2017,10,fp1,2017-07-14,
2017,10,fp2,2017-07-14,
2017,10,fp3,2017-07-15,
2017,10,qualifying,2017-07-15,
2017,11,fp1,2017-07-28,
2017,11,fp2,2017-07-28,
2017,11,fp3,2017-07-29,
2017,11,qualifying,2017-07-29,
2017,12,fp1,2017-08-25,
2017,12,fp2,2017-08-25,
2017,12,fp3,2017-08-26,
2017,12,qualifying,2017-08-26,
2017,13,fp1,2017-09-01,
2017,13,fp2,2017-09-01,
2017,13,fp3,2017-09-02,
2017,13,qualifying,2017-09-02,
2017,14,fp1,2017-09-15,
2017,14,fp2,2017-09-15,
2017,14,fp3,2017-09-16,
2017,14,qualifying,2017-09-16,
2017,15,fp1,2017-09-29,
2017,15,fp2,2017-09-29,
2017,15,fp3,2017-09-30,
2017,15,qualifying,2017-09-30,
2017,16,fp1,2017-10-06,
2017,16,fp2,2017-10-06,
2017,16,fp3,2017-10-07,
2017,16,qualifying,2017-10-07,
2017,17,fp1,2017-10-20,
2017,17,fp2,2017-10-20,
2017,17,fp3,2017-10-21,
2017,17,qualifying,2017-10-21,
2017,18,fp1,2017-10-27,
2017,18,fp2,2017-10-27,
2017,18,fp3,2017-10-28,
2017,18,qualifying,2017-10-28,
2017,19,fp1,2017-11-10,
2017,19,fp2,2017-11-10,
2017,19,fp3,2017-11-11,
2017,19,qualifying,2017-11-11,
2017,20,fp1,2017-11-24,
2017,20,fp2,2017-11-24,
2017,20,fp3,2017-11-25,
2017,20,qualifying,2017-11-25,
2018,1,fp1,2018-03-23,
2018,1,fp2,2018-03-23,
2018,1,fp3,2018-03-24,
2018,1,qualifying,2018-03-24,
2018,2,fp1,2018-04-06,
2018,2,fp2,2018-04-06,
2018,2,fp3,2018-04-07,
2018,2,qualifying,2018-04-07,
2018,3,fp1,2018-04-13,
2018,3,fp2,2018-04-13,
2018,3,fp3,2018-04-14,
2018,3,qualifying,2018-04-14,
2018,4,fp1,2018-04-27,
2018,4,fp2,2018-04-27,
2018,4,fp3,2018-04-28,
2018,4,qualifying,2018-04-28,
2018,5,fp1,2018-05-11,
2018,5,fp2,2018-05-11,
2018,5,fp3,2018-05-12,
2018,5,qualifying,2018-05-12,
2018,6,fp1,2018-05-24,
2018,6,fp2,2018-05-24,
2018,6,fp3,2018-05-26,
2018,6,qualifying,2018-05-26,
2018,7,fp1,2018-06-08,
2018,7,fp2,2018-06-08,
2018,7,fp3,2018-06-09,
2018,7,qualifying,2018-06-09,
2018,8,fp1,2018-06-22,
2018,8,fp2,2018-06-22,
2018,8,fp3,2018-06-23,
2018,8,qualifying,2018-06-23,
2018,9,fp1,2018-06-29,
2018,9,fp2,2018-06-29,
2018,9,fp3,2018-06-30,
2018,9,qualifying,2018-06-30,
2018,10,fp1,2018-07-06,
2018,10,fp2,2018-07-06,
2018,10,fp3,2018-07-07,
2018,10,qualifying,2018-07-07,
2018,11,fp1,2018-07-20,
2018,11,fp2,2018-07-20,
2018,11,fp3,2018-07-21,
2018,11,qualifying,2018-07-21,
2018,12,fp1,2018-07-27,
2018,12,fp2,2018-07-27,
2018,12,fp3,2018-07-28,
2018,12,qualifying,2018-07-28,
2018,13,fp1,2018-08-24,
2018,13,fp2,2018-08-24,
2018,13,fp3,2018-08-25,
2018,13,qualifying,2018-08-25,
2018,14,fp1,2018-08-31,
2018,14,fp2,2018-08-31,
2018,14,fp3,2018-09-01,
2018,14,qualifying,2018-09-01,
2018,15,fp1,2018-09-14,
2018,15,fp2,2018-09-14,
2018,15,fp3,2018-09-15,
2018,15,qualifying,2018-09-15,
2018,16,fp1,2018-09-28,
2018,16,fp2,2018-09-28,
2018,16,fp3,2018-09-29,
2018,16,qualifying,2018-09-29,
2018,17,fp1,2018-10-05,
2018,17,fp2,2018-10-05,
2018,17,fp3,2018-10-06,
2018,17,qualifying,2018-10-06,
2018,18,fp1,2018-10-19,
2018,18,fp2,2018-10-19,
2018,18,fp3,2018-10-20,
2018,18,qualifying,2018-10-20,
2018,19,fp1,2018-10-26,
2018,19,fp2,2018-10-26,
2018,19,fp3,2018-10-27,
2018,19,qualifying,2018-10-27,
2018,20,fp1,2018-11-09,
2018,20,fp2,2018-11-09,
2018,20,fp3,2018-11-10,
2018,20,qualifying,2018-11-10,
2018,21,fp1,2018-11-23,
2018,21,fp2,2018-11-23,
2018,21,fp3,2018-11-24,
2018,21,qualifying,2018-11-24,
2019,1,fp1,2019-03-15,
2019,1,fp2,2019-03-15,
2019,1,fp3,2019-03-16,
2019,1,qualifying,2019-03-16,
2019,2,fp1,2019-03-29,
2019,2,fp2,2019-03-29,
2019,2,fp3,2019-03-30,
2019,2,qualifying,2019-03-30,
2019,3,fp1,2019-04-12,
2019,3,fp2,2019-04-12,
2019,3,fp3,2019-04-13,
2019,3,qualifying,2019-04-13,
2019,4,fp1,2019-04-26,
2019,4,fp2,2019-04-26,
2019,4,fp3,2019-04-27,
2019,4,qualifying,2019-04-27,
2019,5,fp1,2019-05-10,
2019,5,fp2,2019-05-10,
2019,5,fp3,2019-05-11,
2019,5,qualifying,2019-05-11,
2019,6,fp1,2019-05-23,
2019,6,fp2,2019-05-23,
2019,6,fp3,2019-05-25,
2019,6,qualifying,2019-05-25,
2019,7,fp1,2019-06-07,
2019,7,fp2,2019-06-07,
2019,7,fp3,2019-06-08,
2019,7,qualifying,2019-06-08,
2019,8,fp1,2019-06-21,
2019,8,fp2,2019-06-21,
2019,8,fp3,2019-06-22,
2019,8,qualifying,2019-06-22,
2019,9,fp1,2019-06-28,
2019,9,fp2,2019-06-28,
2019,9,fp3,2019-06-29,
2019,9,qualifying,2019-06-29,
2019,10,fp1,2019-07-12,
2019,10,fp2,2019-07-12,
2019,10,fp3,2019-07-13,
2019,10,qualifying,2019-07-13,
2019,11,fp1,2019-07-26,
2019,11,fp2,2019-07-26,
2019,11,fp3,2019-07-27,
2019,11,qualifying,2019-07-27,
2019,12,fp1,2019-08-02,
2019,12,fp2,2019-08-02,
2019,12,fp3,2019-08-03,
2019,12,qualifying,2019-08-03,
2019,13,fp1,2019-08-30,
2019,13,fp2,2019-08-30,
2019,13,fp3,2019-08-31,
2019,13,qualifying,2019-08-31,
2019,14,fp1,2019-09-06,
2019,14,fp2,2019-09-06,
2019,14,fp3,2019-09-07,
2019,14,qualifying,2019-09-07,
2019,15,fp1,2019-09-20,
2019,15,fp2,2019-09-20,
2019,15,fp3,2019-09-21,
2019,15,qualifying,2019-09-21,
2019,16,fp1,2019-09-27,
2019,16,fp2,2019-09-27,
2019,16,fp3,2019-09-28,
2019,16,qualifying,2019-09-28,
2019,17,fp1,2019-10-11,
2019,17,fp2,2019-10-11,
2019,17,fp3,2019-10-12,
2019,17,qualifying,2019-10-12,
2019,18,fp1,2019-10-25,
2019,18,fp2,2019-10-25,
2019,18,fp3,2019-10-26,
2019,18,qualifying,2019-10-26,
2019,19,fp1,2019-11-01,
2019,19,fp2,2019-11-01,
2019,19,fp3,2019-11-02,
2019,19,qualifying,2019-11-02,
2019,20,fp1,2019-11-15,
2019,20,fp2,2019-11-15,
2019,20,fp3,2019-11-16,
2019,20,qualifying,2019-11-16,
2019,21,fp1,2019-11-29,
2019,21,fp2,2019-11-29,
2019,21,fp3,2019-11-30,
2019,21,qualifying,2019-11-30,
2020,1,fp1,2020-07-03,
2020,1,fp2,2020-07-03,
2020,1,fp3,2020-07-04,
2020,1,qualifying,2020-07-04,
2020,2,fp1,2020-07-10,
2020,2,fp2,2020-07-10,
2020,2,fp3,2020-07-11,
2020,2,qualifying,2020-07-11,
2020,3,fp1,2020-07-17,
2020,3,fp2,2020-07-17,
2020,3,fp3,2020-07-18,
2020,3,qualifying,2020-07-18,
2020,4,fp1,2020-07-31,
2020,4,fp2,2020-07-31,
2020,4,fp3,2020-08-01,
2020,4,qualifying,2020-08-01,
2020,5,fp1,2020-08-07,
2020,5,fp2,2020-08-07,
2020,5,fp3,2020-08-08,
2020,5,qualifying,2020-08-08,
2020,6,fp1,2020-08-14,
2020,6,fp2,2020-08-14,
2020,6,fp3,2020-08-15,
2020,6,qualifying,2020-08-15,
2020,7,fp1,2020-08-28,
2020,7,fp2,2020-08-28,
2020,7,fp3,2020-08-29,
2020,7,qualifying,2020-08-29,
2020,8,fp1,2020-09-04,
2020,8,fp2,2020-09-04,
2020,8,fp3,2020-09-05,
2020,8,qualifying,2020-09-05,
2020,9,fp1,2020-09-11,
2020,9,fp2,2020-09-11,
2020,9,fp3,2020-09-12,
2020,9,qualifying,2020-09-12,
2020,10,fp1,2020-09-25,
2020,10,fp2,2020-09-25,
2020,10,fp3,2020-09-26,
2020,10,qualifying,2020-09-26,
2020,11,fp1,2020-10-09,
2020,11,fp2,2020-10-09,
2020,11,fp3,2020-10-10,
2020,11,qualifying,2020-10-10,
2020,12,fp1,2020-10-23,
2020,12,fp2,2020-10-23,
2020,12,fp3,2020-10-24,
2020,12,qualifying,2020-10-24,
2020,13,fp1,2020-10-30,
2020,13,fp2,2020-10-30,
2020,13,fp3,2020-10-31,
2020,13,qualifying,2020-10-31,
2020,14,fp1,2020-11-13,
2020,14,fp2,2020-11-13,
2020,14,fp3,2020-11-14,
2020,14,qualifying,2020-11-14,
2020,15,fp1,2020-11-27,
2020,15,fp2,2020-11-27,
2020,15,fp3,2020-11-28,
2020,15,qualifying,2020-11-28,
2020,16,fp1,2020-12-04,
2020,16,fp2,2020-12-04,
2020,16,fp3,2020-12-05,
2020,16,qualifying,2020-12-05,
2020,17,fp1,2020-12-11,
2020,17,fp2,2020-12-11,
2020,17,fp3,2020-12-12,
2020,17,qualifying,2020-12-12,
2021,1,fp1,2021-03-26,
2021,1,fp2,2021-03-26,
2021,1,fp3,2021-03-27,
2021,1,qualifying,2021-03-27,
2021,2,fp1,2021-04-16,
2021,2,fp2,2021-04-16,
2021,2,fp3,2021-04-17,
2021,2,qualifying,2021-04-17,
2021,3,fp1,2021-04-30,
2021,3,fp2,2021-04-30,
2021,3,fp3,2021-05-01,
2021,3,qualifying,2021-05-01,
2021,4,fp1,2021-05-07,
2021,4,fp2,2021-05-07,
2021,4,fp3,2021-05-08,
2021,4,qualifying,2021-05-08,
2021,5,fp1,2021-05-21,
2021,5,fp2,2021-05-21,
2021,5,fp3,2021-05-22,
2021,5,qualifying,2021-05-22,
2021,6,fp1,2021-06-04,
2021,6,fp2,2021-06-04,
2021,6,fp3,2021-06-05,
2021,6,qualifying,2021-06-05,
2021,7,fp1,2021-06-18,
2021,7,fp2,2021-06-18,
2021,7,fp3,2021-06-19,
2021,7,qualifying,2021-06-19,
2021,8,fp1,2021-06-25,
2021,8,fp2,2021-06-25,
2021,8,fp3,2021-06-26,
2021,8,qualifying,2021-06-26,
2021,9,fp1,2021-07-02,
2021,9,fp2,2021-07-02,
2021,9,fp3,2021-07-03,
2021,9,qualifying,2021-07-03,
2021,10,fp1,2021-07-16,
2021,10,fp2,2021-07-17,
2021,10,sprint,2021-07-17,
2021,10,qualifying,2021-07-16,
2021,11,fp1,2021-07-30,
2021,11,fp2,2021-07-30,
2021,11,fp3,2021-07-31,
2021,11,qualifying,2021-07-31,
2021,12,fp1,2021-08-27,
2021,12,fp2,2021-08-27,
2021,12,fp3,2021-08-28,
2021,12,qualifying,2021-08-28,
2021,13,fp1,2021-09-03,
2021,13,fp2,2021-09-03,
2021,13,fp3,2021-09-04,
2021,13,qualifying,2021-09-04,
2021,14,fp1,2021-09-10,
2021,14,fp2,2021-09-11,
2021,14,sprint,2021-09-11,
2021,14,qualifying,2021-09-10,
2021,15,fp1,2021-09-24,
2021,15,fp2,2021-09-24,
2021,15,fp3,2021-09-25,
2021,15,qualifying,2021-09-25,
2021,16,fp1,2021-10-08,
2021,16,fp2,2021-10-08,
2021,16,fp3,2021-10-09,
2021,16,qualifying,2021-10-09,
2021,17,fp1,2021-10-22,
2021,17,fp2,2021-10-22,
2021,17,fp3,2021-10-23,
2021,17,qualifying,2021-10-23,
2021,18,fp1,2021-11-05,
2021,18,fp2,2021-11-05,
2021,18,fp3,2021-11-06,
2021,18,qualifying,2021-11-06,
2021,19,fp1,2021-11-12,
2021,19,fp2,2021-11-13,
2021,19,sprint,2021-11-13,
2021,19,qualifying,2021-11-12,
2021,20,fp1,2021-11-19,
2021,20,fp2,2021-11-19,
2021,20,fp3,2021-11-20,
2021,20,qualifying,2021-11-20,
2021,21,fp1,2021-12-03,
2021,21,fp2,2021-12-03,
2021,21,fp3,2021-12-04,
2021,21,qualifying,2021-12-04,
2021,22,fp1,2021-12-10,
2021,22,fp2,2021-12-10,
2021,22,fp3,2021-12-11,
2021,22,qualifying,2021-12-11,
2022,1,fp1,2022-03-18,12:00:00Z
2022,1,fp2,2022-03-18,15:00:00Z
2022,1,fp3,2022-03-19,12:00:00Z
2022,1,qualifying,2022-03-19,15:00:00Z
2022,2,fp1,2022-03-25,14:00:00Z
2022,2,fp2,2022-03-25,17:00:00Z
2022,2,fp3,2022-03-26,14:00:00Z
2022,2,qualifying,2022-03-26,17:00:00Z
2022,3,fp1,2022-04-08,03:00:00Z
2022,3,fp2,2022-04-08,06:00:00Z
2022,3,fp3,2022-04-09,03:00:00Z
2022,3,qualifying,2022-04-09,06:00:00Z
2022,4,fp1,2022-04-22,11:30:00Z
2022,4,fp2,2022-04-23,10:30:00Z
2022,4,sprint,2022-04-23,14:30:00Z
2022,4,qualifying,2022-04-22,15:00:00Z
2022,5,fp1,2022-05-06,18:30:00Z
2022,5,fp2,2022-05-06,21:30:00Z
2022,5,fp3,2022-05-07,17:00:00Z
2022,5,qualifying,2022-05-07,20:00:00Z
2022,6,fp1,2022-05-20,12:00:00Z
2022,6,fp2,2022-05-20,15:00:00Z
2022,6,fp3,2022-05-21,11:00:00Z
2022,6,qualifying,2022-05-21,14:00:00Z
2022,7,fp1,2022-05-27,12:00:00Z
2022,7,fp2,2022-05-27,15:00:00Z
2022,7,fp3,2022-05-28,11:00:00Z
2022,7,qualifying,2022-05-28,14:00:00Z
2022,8,fp1,2022-06-10,11:00:00Z
2022,8,fp2,2022-06-10,14:00:00Z
2022,8,fp3,2022-06-11,11:00:00Z
2022,8,qualifying,2022-06-11,14:00:00Z
2022,9,fp1,2022-06-17,18:00:00Z
2022,9,fp2,2022-06-17,21:00:00Z
2022,9,fp3,2022-06-18,17:00:00Z
2022,9,qualifying,2022-06-18,20:00:00Z
2022,10,fp1,2022-07-01,12:00:00Z
2022,10,fp2,2022-07-01,15:00:00Z
2022,10,fp3,2022-07-02,11:00:00Z
2022,10,qualifying,2022-07-02,14:00:00Z
2022,11,fp1,2022-07-08,11:30:00Z
2022,11,fp2,2022-07-09,10:30:00Z
2022,11,sprint,2022-07-09,14:30:00Z
2022,11,qualifying,2022-07-08,15:00:00Z
2022,12,fp1,2022-07-22,12:00:00Z
2022,12,fp2,2022-07-22,15:00:00Z
2022,12,fp3,2022-07-23,11:00:00Z
2022,12,qualifying,2022-07-23,14:00:00Z
2022,13,fp1,2022-07-29,12:00:00Z
2022,13,fp2,2022-07-29,15:00:00Z
2022,13,fp3,2022-07-30,11:00:00Z
2022,13,qualifying,2022-07-30,14:00:00Z
2022,14,fp1,2022-08-26,12:00:00Z
2022,14,fp2,2022-08-26,15:00:00Z
2022,14,fp3,2022-08-27,11:00:00Z
2022,14,qualifying,2022-08-27,14:00:00Z
2022,15,fp1,2022-09-02,10:30:00Z
2022,15,fp2,2022-09-02,14:00:00Z
2022,15,fp3,2022-09-03,10:00:00Z
2022,15,qualifying,2022-09-03,13:00:00Z
2022,16,fp1,2022-09-09,12:00:00Z
2022,16,fp2,2022-09-09,15:00:00Z
2022,16,fp3,2022-09-10,11:00:00Z
2022,16,qualifying,2022-09-10,14:00:00Z
2022,17,fp1,2022-09-30,10:00:00Z
2022,17,fp2,2022-09-30,13:00:00Z
2022,17,fp3,2022-10-01,10:00:00Z
2022,17,qualifying,2022-10-01,13:00:00Z
2022,18,fp1,2022-10-07,03:00:00Z
2022,18,fp2,2022-10-07,06:00:00Z
2022,18,fp3,2022-10-08,03:00:00Z
2022,18,qualifying,2022-10-08,06:00:00Z
2022,19,fp1,2022-10-21,19:00:00Z
2022,19,fp2,2022-10-21,22:00:00Z
2022,19,fp3,2022-10-22,19:00:00Z
2022,19,qualifying,2022-10-22,22:00:00Z
2022,20,fp1,2022-10-28,18:00:00Z
2022,20,fp2,2022-10-28,21:00:00Z
2022,20,fp3,2022-10-29,17:00:00Z
2022,20,qualifying,2022-10-29,20:00:00Z
2022,21,fp1,2022-11-11,15:30:00Z
2022,21,fp2,2022-11-12,15:30:00Z
2022,21,sprint,2022-11-12,19:30:00Z
2022,21,qualifying,2022-11-11,19:00:00Z
2022,22,fp1,2022-11-18,10:00:00Z
2022,22,fp2,2022-11-18,13:00:00Z
2022,22,fp3,2022-11-19,11:00:00Z
2022,22,qualifying,2022-11-19,14:00:00Z
2023,1,fp1,2023-03-03,11:30:00Z
2023,1,fp2,2023-03-03,15:00:00Z
2023,1,fp3,2023-03-04,11:30:00Z
2023,1,qualifying,2023-03-04,15:00:00Z
2023,2,fp1,2023-03-17,13:30:00Z
2023,2,fp2,2023-03-17,17:00:00Z
2023,2,fp3,2023-03-18,13:30:00Z
2023,2,qualifying,2023-03-18,17:00:00Z
2023,3,fp1,2023-03-31,01:30:00Z
2023,3,fp2,2023-03-31,05:00:00Z
2023,3,fp3,2023-04-01,01:30:00Z
2023,3,qualifying,2023-04-01,05:00:00Z
2023,4,fp1,2023-04-28,09:30:00Z
2023,4,sprint_qualifying,2023-04-29,09:30:00Z
2023,4,sprint,2023-04-29,13:30:00Z
2023,4,qualifying,2023-04-28,13:00:00Z
2023,5,fp1,2023-05-05,18:00:00Z
2023,5,fp2,2023-05-05,21:30:00Z
2023,5,fp3,2023-05-06,16:30:00Z
2023,5,qualifying,2023-05-06,20:00:00Z
2023,6,fp1,2023-05-26,11:30:00Z
2023,6,fp2,2023-05-26,15:00:00Z
2023,6,fp3,2023-05-27,10:30:00Z
2023,6,qualifying,2023-05-27,14:00:00Z
2023,7,fp1,2023-06-02,11:30:00Z
2023,7,fp2,2023-06-02,15:00:00Z
2023,7,fp3,2023-06-03,10:30:00Z
2023,7,qualifying,2023-06-03,14:00:00Z
2023,8,fp1,2023-06-16,17:30:00Z
2023,8,fp2,2023-06-16,21:00:00Z
2023,8,fp3,2023-06-17,16:30:00Z
2023,8,qualifying,2023-06-17,20:00:00Z
2023,9,fp1,2023-06-30,11:30:00Z
2023,9,sprint_qualifying,2023-07-01,10:30:00Z
2023,9,sprint,2023-07-01,14:30:00Z
2023,9,qualifying,2023-06-30,15:00:00Z
2023,10,fp1,2023-07-07,11:30:00Z
2023,10,fp2,2023-07-07,15:00:00Z
2023,10,fp3,2023-07-08,10:30:00Z
2023,10,qualifying,2023-07-08,14:00:00Z
2023,11,fp1,2023-07-21,11:30:00Z
2023,11,fp2,2023-07-21,15:00:00Z
2023,11,fp3,2023-07-22,10:30:00Z
2023,11,qualifying,2023-07-22,14:00:00Z
2023,12,fp1,2023-07-28,11:30:00Z
2023,12,sprint_qualifying,2023-07-29,10:30:00Z
2023,12,sprint,2023-07-29,14:30:00Z
2023,12,qualifying,2023-07-28,15:00:00Z
2023,13,fp1,2023-08-25,10:30:00Z
2023,13,fp2,2023-08-25,14:00:00Z
2023,13,fp3,2023-08-26,09:30:00Z
2023,13,qualifying,2023-08-26,13:00:00Z
2023,14,fp1,2023-09-01,11:30:00Z
2023,14,fp2,2023-09-01,15:00:00Z
2023,14,fp3,2023-09-02,10:30:00Z
2023,14,qualifying,2023-09-02,14:00:00Z
2023,15,fp1,2023-09-15,09:30:00Z
2023,15,fp2,2023-09-15,13:00:00Z
2023,15,fp3,2023-09-16,09:30:00Z
2023,15,qualifying,2023-09-16,13:00:00Z
2023,16,fp1,2023-09-22,02:30:00Z
2023,16,fp2,2023-09-22,06:00:00Z
2023,16,fp3,2023-09-23,02:30:00Z
2023,16,qualifying,2023-09-23,06:00:00Z
2023,17,fp1,2023-10-06,13:30:00Z
2023,17,sprint_qualifying,2023-10-07,13:00:00Z
2023,17,sprint,2023-10-07,17:30:00Z
2023,17,qualifying,2023-10-06,17:00:00Z
2023,18,fp1,2023-10-20,17:30:00Z
2023,18,sprint_qualifying,2023-10-21,18:00:00Z
2023,18,sprint,2023-10-21,22:00:00Z
2023,18,qualifying,2023-10-20,21:00:00Z
2023,19,fp1,2023-10-27,18:30:00Z
2023,19,fp2,2023-10-27,22:00:00Z
2023,19,fp3,2023-10-28,17:30:00Z
2023,19,qualifying,2023-10-28,21:00:00Z
2023,20,fp1,2023-11-03,14:30:00Z
2023,20,sprint_qualifying,2023-11-04,14:30:00Z
2023,20,sprint,2023-11-04,18:30:00Z
2023,20,qualifying,2023-11-03,18:00:00Z
2023,21,fp1,2023-11-16,04:30:00Z
2023,21,fp2,2023-11-16,08:00:00Z
2023,21,fp3,2023-11-17,04:30:00Z
2023,21,qualifying,2023-11-17,08:00:00Z
2023,22,fp1,2023-11-24,09:30:00Z
2023,22,fp2,2023-11-24,13:00:00Z
2023,22,fp3,2023-11-25,10:30:00Z
2023,22,qualifying,2023-11-25,14:00:00Z
2024,1,fp1,2024-02-29,11:30:00Z
2024,1,fp2,2024-02-29,15:00:00Z
2024,1,fp3,2024-03-01,12:30:00Z
2024,1,qualifying,2024-03-01,16:00:00Z
2024,2,fp1,2024-03-07,13:30:00Z
2024,2,fp2,2024-03-07,17:00:00Z
2024,2,fp3,2024-03-08,13:30:00Z
2024,2,qualifying,2024-03-08,17:00:00Z
2024,3,fp1,2024-03-22,01:30:00Z
2024,3,fp2,2024-03-22,05:00:00Z
2024,3,fp3,2024-03-23,01:30:00Z
2024,3,qualifying,2024-03-23,05:00:00Z
2024,4,fp1,2024-04-05,02:30:00Z
2024,4,fp2,2024-04-05,06:00:00Z
2024,4,fp3,2024-04-06,02:30:00Z
2024,4,qualifying,2024-04-06,06:00:00Z
2024,5,fp1,2024-04-19,03:30:00Z
2024,5,sprint_qualifying,2024-04-19,07:30:00Z
2024,5,sprint,2024-04-20,03:00:00Z
2024,5,qualifying,2024-04-20,07:00:00Z
2024,6,fp1,2024-05-03,16:30:00Z
2024,6,sprint_qualifying,2024-05-03,20:30:00Z
2024,6,sprint,2024-05-04,16:00:00Z
2024,6,qualifying,2024-05-04,20:00:00Z
2024,7,fp1,2024-05-17,11:30:00Z
2024,7,fp2,2024-05-17,15:00:00Z
2024,7,fp3,2024-05-18,10:30:00Z
2024,7,qualifying,2024-05-18,14:00:00Z
2024,8,fp1,2024-05-24,11:30:00Z
2024,8,fp2,2024-05-24,15:00:00Z
2024,8,fp3,2024-05-25,10:30:00Z
2024,8,qualifying,2024-05-25,14:00:00Z
2024,9,fp1,2024-06-07,17:30:00Z
2024,9,fp2,2024-06-07,21:00:00Z
2024,9,fp3,2024-06-08,16:30:00Z
2024,9,qualifying,2024-06-08,20:00:00Z
2024,10,fp1,2024-06-21,11:30:00Z
2024,10,fp2,2024-06-21,15:00:00Z
2024,10,fp3,2024-06-22,10:30:00Z
2024,10,qualifying,2024-06-22,14:00:00Z
2024,11,fp1,2024-06-28,10:30:00Z
2024,11,sprint_qualifying,2024-06-28,14:30:00Z
2024,11,sprint,2024-06-29,10:00:00Z
2024,11,qualifying,2024-06-29,14:00:00Z
2024,12,fp1,2024-07-05,11:30:00Z
2024,12,fp2,2024-07-05,15:00:00Z
2024,12,fp3,2024-07-06,10:30:00Z
2024,12,qualifying,2024-07-06,14:00:00Z
2024,13,fp1,2024-07-19,11:30:00Z
2024,13,fp2,2024-07-19,15:00:00Z
2024,13,fp3,2024-07-20,10:30:00Z
2024,13,qualifying,2024-07-20,14:00:00Z
2024,14,fp1,2024-07-26,11:30:00Z
2024,14,fp2,2024-07-26,15:00:00Z
2024,14,fp3,2024-07-27,10:30:00Z
2024,14,qualifying,2024-07-27,14:00:00Z
2024,15,fp1,2024-08-23,10:30:00Z
2024,15,fp2,2024-08-23,14:00:00Z
2024,15,fp3,2024-08-24,09:30:00Z
2024,15,qualifying,2024-08-24,13:00:00Z
2024,16,fp1,2024-08-30,11:30:00Z
2024,16,fp2,2024-08-30,15:00:00Z
2024,16,fp3,2024-08-31,10:30:00Z
2024,16,qualifying,2024-08-31,14:00:00Z
2024,17,fp1,2024-09-13,09:30:00Z
2024,17,fp2,2024-09-13,13:00:00Z
2024,17,fp3,2024-09-14,08:30:00Z
2024,17,qualifying,2024-09-14,12:00:00Z
2024,18,fp1,2024-09-20,09:30:00Z
2024,18,fp2,2024-09-20,13:00:00Z
2024,18,fp3,2024-09-21,09:30:00Z
2024,18,qualifying,2024-09-21,13:00:00Z
2024,19,fp1,2024-10-18,17:30:00Z
2024,19,sprint_qualifying,2024-10-18,21:30:00Z
2024,19,sprint,2024-10-19,18:00:00Z
2024,19,qualifying,2024-10-19,22:00:00Z
2024,20,fp1,2024-10-25,18:30:00Z
2024,20,fp2,2024-10-25,22:00:00Z
2024,20,fp3,2024-10-26,17:30:00Z
2024,20,qualifying,2024-10-26,21:00:00Z
2024,21,fp1,2024-11-01,14:30:00Z
2024,21,sprint_qualifying,2024-11-01,18:30:00Z
2024,21,sprint,2024-11-02,14:00:00Z
2024,21,qualifying,2024-11-02,18:00:00Z
2024,22,fp1,2024-11-21,02:30:00Z
2024,22,fp2,2024-11-21,06:00:00Z
2024,22,fp3,2024-11-22,02:30:00Z
2024,22,qualifying,2024-11-22,06:00:00Z
2024,23,fp1,2024-11-29,13:30:00Z
2024,23,sprint_qualifying,2024-11-29,17:30:00Z
2024,23,sprint,2024-11-30,14:00:00Z
2024,23,qualifying,2024-11-30,18:00:00Z
2024,24,fp1,2024-12-06,09:30:00Z
2024,24,fp2,2024-12-06,13:00:00Z
2024,24,fp3,2024-12-07,10:30:00Z
2024,24,qualifying,2024-12-07,14:00:00Z
2025,1,fp1,2025-03-14,01:30:00Z
2025,1,fp2,2025-03-14,05:00:00Z
2025,1,fp3,2025-03-15,01:30:00Z
2025,1,qualifying,2025-03-15,05:00:00Z
2025,2,fp1,2025-03-21,03:30:00Z
2025,2,sprint_qualifying,2025-03-21,07:30:00Z
2025,2,sprint,2025-03-22,03:00:00Z
2025,2,qualifying,2025-03-22,07:00:00Z
2025,3,fp1,2025-04-04,02:30:00Z
2025,3,fp2,2025-04-04,06:00:00Z
2025,3,fp3,2025-04-05,02:30:00Z
2025,3,qualifying,2025-04-05,06:00:00Z
2025,4,fp1,2025-04-11,11:30:00Z
2025,4,fp2,2025-04-11,15:00:00Z
2025,4,fp3,2025-04-12,12:30:00Z
2025,4,qualifying,2025-04-12,16:00:00Z
2025,5,fp1,2025-04-18,13:30:00Z
2025,5,fp2,2025-04-18,17:00:00Z
2025,5,fp3,2025-04-19,13:30:00Z
2025,5,qualifying,2025-04-19,17:00:00Z
2025,6,fp1,2025-05-02,16:30:00Z
2025,6,sprint_qualifying,2025-05-02,20:30:00Z
2025,6,sprint,2025-05-03,16:00:00Z
2025,6,qualifying,2025-05-03,20:00:00Z
2025,7,fp1,2025-05-16,11:30:00Z
2025,7,fp2,2025-05-16,15:00:00Z
2025,7,fp3,2025-05-17,10:30:00Z
2025,7,qualifying,2025-05-17,14:00:00Z
2025,8,fp1,2025-05-23,11:30:00Z
2025,8,fp2,2025-05-23,15:00:00Z
2025,8,fp3,2025-05-24,10:30:00Z
2025,8,qualifying,2025-05-24,14:00:00Z
2025,9,fp1,2025-05-30,11:30:00Z
2025,9,fp2,2025-05-30,15:00:00Z
2025,9,fp3,2025-05-31,10:30:00Z
2025,9,qualifying,2025-05-31,14:00:00Z
2025,10,fp1,2025-06-13,17:30:00Z
2025,10,fp2,2025-06-13,21:00:00Z
2025,10,fp3,2025-06-14,16:30:00Z
2025,10,qualifying,2025-06-14,20:00:00Z
2025,11,fp1,2025-06-27,11:30:00Z
2025,11,fp2,2025-06-27,15:00:00Z
2025,11,fp3,2025-06-28,10:30:00Z
2025,11,qualifying,2025-06-28,14:00:00Z
2025,12,fp1,2025-07-04,11:30:00Z
2025,12,fp2,2025-07-04,15:00:00Z
2025,12,fp3,2025-07-05,10:30:00Z
2025,12,qualifying,2025-07-05,14:00:00Z
2025,13,fp1,2025-07-25,10:30:00Z
2025,13,sprint_qualifying,2025-07-25,14:30:00Z
2025,13,sprint,2025-07-26,10:00:00Z
2025,13,qualifying,2025-07-26,14:00:00Z
2025,14,fp1,2025-08-01,11:30:00Z
2025,14,fp2,2025-08-01,15:00:00Z
2025,14,fp3,2025-08-02,10:30:00Z
2025,14,qualifying,2025-08-02,14:00:00Z
2025,15,fp1,2025-08-29,10:30:00Z
2025,15,fp2,2025-08-29,14:00:00Z
2025,15,fp3,2025-08-30,09:30:00Z
2025,15,qualifying,2025-08-30,13:00:00Z
2025,16,fp1,2025-09-05,11:30:00Z
2025,16,fp2,2025-09-05,15:00:00Z
2025,16,fp3,2025-09-06,10:30:00Z
2025,16,qualifying,2025-09-06,14:00:00Z
2025,17,fp1,2025-09-19,08:30:00Z
2025,17,fp2,2025-09-19,12:00:00Z
2025,17,fp3,2025-09-20,08:30:00Z
2025,17,qualifying,2025-09-20,12:00:00Z
2025,18,fp1,2025-10-03,09:30:00Z
2025,18,fp2,2025-10-03,13:00:00Z
2025,18,fp3,2025-10-04,09:30:00Z
2025,18,qualifying,2025-10-04,13:00:00Z
2025,19,fp1,2025-10-17,17:30:00Z
2025,19,sprint_qualifying,2025-10-17,21:30:00Z
2025,19,sprint,2025-10-18,17:00:00Z
2025,19,qualifying,2025-10-18,21:00:00Z
2025,20,fp1,2025-10-24,18:30:00Z
2025,20,fp2,2025-10-24,22:00:00Z
2025,20,fp3,2025-10-25,17:30:00Z
2025,20,qualifying,2025-10-25,21:00:00Z
2025,21,fp1,2025-11-07,14:30:00Z
2025,21,sprint_qualifying,2025-11-07,18:30:00Z
2025,21,sprint,2025-11-08,14:00:00Z
2025,21,qualifying,2025-11-08,18:00:00Z
2025,22,fp1,2025-11-21,00:30:00Z
2025,22,fp2,2025-11-21,04:00:00Z
2025,22,fp3,2025-11-22,00:30:00Z
2025,22,qualifying,2025-11-22,04:00:00Z
2025,23,fp1,2025-11-28,13:30:00Z
2025,23,sprint_qualifying,2025-11-28,17:30:00Z
2025,23,sprint,2025-11-29,14:00:00Z
2025,23,qualifying,2025-11-29,18:00:00Z
2025,24,fp1,2025-12-05,09:30:00Z
2025,24,fp2,2025-12-05,13:00:00Z
2025,24,fp3,2025-12-06,10:30:00Z
2025,24,qualifying,2025-12-06,14:00:00Z
